1.00000000,0.00000000,0.00000000,133.15086140,1.31169276,1620.22177892,0
1.00000000,0.00000000,0.00000000,126.72486140,1.30274497,1609.33482208,0
1.00000000,0.00000000,0.00000000,131.17386140,1.31903101,1568.97843469,0
1.00000000,0.00000000,0.00000000,129.47886140,1.27087816,1695.05528143,0
1.00000000,0.00000000,0.00000000,127.26286140,1.32963668,1647.72023493,0
1.00000000,0.00000000,0.00000000,131.05886140,1.31040314,2027.21136662,0
1.00000000,0.00000000,0.00000000,138.44286140,1.37990560,1918.75047185,0
1.00000000,0.00000000,0.00000000,129.34686140,1.30564601,1547.26372726,0
1.00000000,0.00000000,0.00000000,139.54286140,1.37466149,1871.05593439,0
1.00000000,0.00000000,0.00000000,132.62886140,1.37443436,1884.68045797,0
1.00000000,0.00000000,0.00000000,128.68486140,1.31939425,1624.01155591,0
1.00000000,0.00000000,0.00000000,129.34686140,1.21089933,1635.04409893,0
1.00000000,0.00000000,0.00000000,141.07286140,1.33621620,2180.62914883,0
1.00000000,0.00000000,0.00000000,130.81086140,1.24891175,1627.67135921,0
1.00000000,0.00000000,0.00000000,131.86886140,1.29906355,1677.24740162,0
1.00000000,0.00000000,0.00000000,128.61886140,1.22587920,1517.03921772,0
1.00000000,0.00000000,0.00000000,127.12986140,1.27032101,1739.28312447,0
1.00000000,0.00000000,0.00000000,135.84686140,1.36688949,1640.18658283,0
1.00000000,0.00000000,0.00000000,127.75886140,1.36218810,1549.72096683,0
1.00000000,0.00000000,0.00000000,134.32486140,1.30199634,1785.05823338,0
1.00000000,0.00000000,0.00000000,127.92386140,1.32746906,1560.58174693,0
1.00000000,0.00000000,0.00000000,128.80086140,1.24259837,1519.84705360,0
1.00000000,0.00000000,0.00000000,132.42286140,1.23697413,1655.20500139,0
1.00000000,0.00000000,0.00000000,129.28886140,1.25540818,1590.04207577,0
1.00000000,0.00000000,0.00000000,136.11086140,1.27212170,1819.02008544,0
1.00000000,0.00000000,0.00000000,131.32286140,1.26250710,1662.38695428,0
1.00000000,0.00000000,0.00000000,134.25886140,1.27744906,1655.18687555,0
1.00000000,0.00000000,0.00000000,134.50686140,1.36297740,1745.60012462,0
1.00000000,0.00000000,0.00000000,131.70286140,1.33715462,1855.10493034,0
1.00000000,0.00000000,0.00000000,134.82086140,1.24914340,1623.20696993,0
1.00000000,0.00000000,0.00000000,130.32286140,1.25801767,1679.91193027,0
1.00000000,0.00000000,0.00000000,128.46986140,1.30433057,1668.80498477,0
1.00000000,0.00000000,0.00000000,129.81786140,1.29636731,1791.83553416,0
1.00000000,0.00000000,0.00000000,123.26886140,1.17555899,1647.61918626,0
1.00000000,0.00000000,0.00000000,123.34286140,1.34322210,1700.90002589,0
1.00000000,0.00000000,0.00000000,133.03486140,1.25094805,1718.36727738,0
1.00000000,0.00000000,0.00000000,129.16486140,1.23461166,1630.91695037,0
1.00000000,0.00000000,0.00000000,133.23286140,1.36964790,1747.26385688,0
1.00000000,0.00000000,0.00000000,130.15686140,1.28770643,1668.60099491,0
1.00000000,0.00000000,0.00000000,123.88786140,1.28820481,1664.23940964,0
1.00000000,0.00000000,0.00000000,130.69486140,1.34355699,1685.05622222,0
1.00000000,0.00000000,0.00000000,122.44886140,1.21294021,1618.52700454,0
1.00000000,0.00000000,0.00000000,127.94886140,1.31795585,1595.63213875,0
1.00000000,0.00000000,0.00000000,132.97686140,1.30284839,1628.67982628,0
1.00000000,0.00000000,0.00000000,128.91686140,1.21901707,1648.69601482,0
1.00000000,0.00000000,0.00000000,136.22686140,1.32988651,1877.63642139,0
1.00000000,0.00000000,0.00000000,134.82086140,1.27699841,1897.19666116,0
1.00000000,0.00000000,0.00000000,134.24986140,1.28543183,1949.58130647,0
1.00000000,0.00000000,0.00000000,125.13686140,1.29854830,1622.16847509,0
1.00000000,0.00000000,0.00000000,130.57886140,1.26868603,1596.78807182,0
1.00000000,0.00000000,0.00000000,124.38486140,1.36477753,1788.18041959,0
1.00000000,0.00000000,0.00000000,134.80486140,1.29223553,1619.93300457,0
1.00000000,0.00000000,0.00000000,124.13686140,1.26361630,1560.03417439,0
1.00000000,0.00000000,0.00000000,128.12286140,1.23895895,1508.24928604,0
1.00000000,0.00000000,0.00000000,127.76686140,1.23262291,1604.78016155,0
1.00000000,0.00000000,0.00000000,131.19886140,1.28776053,1697.67743159,0
1.00000000,0.00000000,0.00000000,128.85886140,1.27018625,1632.64154520,0
1.00000000,0.00000000,0.00000000,133.28286140,1.29113439,1777.04654451,0
1.00000000,0.00000000,0.00000000,133.30686140,1.30765993,1829.52974130,0
1.00000000,0.00000000,0.00000000,126.77486140,1.34214376,1730.01268478,0
1.00000000,0.00000000,0.00000000,127.94886140,1.32414970,1652.67322377,0
1.00000000,0.00000000,0.00000000,129.55286140,1.32046743,1764.70105417,0
1.00000000,0.00000000,0.00000000,127.65086140,1.26996220,1653.76856845,0
1.00000000,0.00000000,0.00000000,132.79486140,1.30028123,1549.25905297,0
1.00000000,0.00000000,0.00000000,130.15686140,1.42810916,1849.04745260,0
1.00000000,0.00000000,0.00000000,136.82286140,1.26906209,1799.85520063,0
1.00000000,0.00000000,0.00000000,133.01886140,1.29469852,1813.31245177,0
1.00000000,0.00000000,0.00000000,135.30086140,1.30683607,1690.06838378,0
1.00000000,0.00000000,0.00000000,125.31086140,1.28310706,1573.40462640,0
1.00000000,0.00000000,0.00000000,135.86286140,1.34086420,1733.27095901,0
1.00000000,0.00000000,0.00000000,130.95886140,1.34896079,1755.42212782,0
1.00000000,0.00000000,0.00000000,130.14086140,1.29312713,1601.57642365,0
1.00000000,0.00000000,0.00000000,124.99686140,1.21806978,1692.16793702,0
1.00000000,0.00000000,0.00000000,128.92486140,1.20101124,1605.44856508,0
1.00000000,0.00000000,0.00000000,134.01886140,1.34507793,1871.81312587,0
1.00000000,0.00000000,0.00000000,129.67686140,1.27359277,1830.09705727,0
1.00000000,0.00000000,0.00000000,128.66786140,1.27219284,1640.83042619,0
1.00000000,0.00000000,0.00000000,126.99886140,1.26663038,1542.46262651,0
1.00000000,0.00000000,0.00000000,132.67886140,1.32660085,1617.68322076,0
1.00000000,0.00000000,0.00000000,123.94586140,1.23928321,1634.67849399,0
1.00000000,0.00000000,0.00000000,130.23086140,1.31710131,1669.67378929,0
1.00000000,0.00000000,0.00000000,128.97386140,1.31114707,1752.91125640,0
1.00000000,0.00000000,0.00000000,124.42586140,1.27657056,1701.55858520,0
1.00000000,0.00000000,0.00000000,132.21586140,1.26304954,1757.95620714,0
1.00000000,0.00000000,0.00000000,131.80286140,1.30882969,1766.95970468,0
1.00000000,0.00000000,0.00000000,127.46086140,1.29241335,1608.96383181,0
1.00000000,0.00000000,0.00000000,130.57886140,1.21708303,1620.64338372,0
1.00000000,0.00000000,0.00000000,126.27886140,1.21050553,1514.35517665,0
1.00000000,0.00000000,0.00000000,125.60086140,1.16434637,1497.75330166,0
1.00000000,0.00000000,0.00000000,130.66086140,1.35955542,1859.82684902,0
1.00000000,0.00000000,0.00000000,134.93686140,1.26462445,1611.20856513,0
1.00000000,0.00000000,0.00000000,130.63686140,1.21629652,1601.07095887,0
1.00000000,0.00000000,0.00000000,126.95686140,1.27581627,1608.74060948,0
1.00000000,0.00000000,0.00000000,136.64886140,1.27365953,1712.38320630,0
1.00000000,0.00000000,0.00000000,136.39286140,1.38656855,1885.09958490,0
1.00000000,0.00000000,0.00000000,133.29886140,1.35423589,1880.48117147,0
1.00000000,0.00000000,0.00000000,125.18686140,1.19658827,1607.21226749,0
1.00000000,0.00000000,0.00000000,128.41986140,1.33442301,1634.09960556,0
1.00000000,0.00000000,0.00000000,125.07086140,1.27395336,1558.65307416,0
1.00000000,0.00000000,0.00000000,125.21986140,1.24423028,1602.84091206,0
0.00000000,2.00000000,0.00000000,136.19486140,1.45213425,3334.11037445,1
0.00000000,2.00000000,0.00000000,136.80686140,1.44428813,3560.92153023,1
0.00000000,2.00000000,0.00000000,130.08486140,1.57623942,3396.47398541,1
0.00000000,3.00000000,1.00000000,144.02686140,1.49558253,5471.78575010,1
0.00000000,3.00000000,1.00000000,141.47086140,1.51598690,5416.70751147,1
0.00000000,2.00000000,0.00000000,126.56086140,1.42808639,3068.57309451,1
0.00000000,2.00000000,0.00000000,153.22286140,1.60306610,5853.12799624,1
0.00000000,2.00000000,0.00000000,145.64686140,1.40347858,4165.47266071,1
0.00000000,3.00000000,1.00000000,146.38286140,1.38184576,2991.35625462,1
0.00000000,2.00000000,0.00000000,130.57886140,1.23334767,2197.13019726,1
0.00000000,3.00000000,1.00000000,141.22286140,1.40411324,4416.10374745,1
0.00000000,3.00000000,1.00000000,146.55686140,1.53227083,5572.13145515,1
0.00000000,3.00000000,1.00000000,145.46486140,1.36631204,3670.64713079,1
0.00000000,3.00000000,1.00000000,139.23886140,1.44488510,3672.31801380,1
0.00000000,2.00000000,0.00000000,138.53486140,1.29265028,3228.25438036,1
0.00000000,2.00000000,0.00000000,130.51286140,1.32165322,2872.47140957,1
0.00000000,2.00000000,0.00000000,128.02486140,1.43318588,3643.66258709,1
0.00000000,2.00000000,0.00000000,137.61686140,1.32842727,3366.23137946,1
0.00000000,2.00000000,0.00000000,130.57086140,1.24805079,2838.26878575,1
0.00000000,2.00000000,0.00000000,128.53686140,1.54752113,3634.41399807,1
0.00000000,2.00000000,0.00000000,136.10286140,1.33914133,3045.17481556,1
0.00000000,2.00000000,0.00000000,129.28886140,1.25764533,2621.69057036,1
0.00000000,2.00000000,0.00000000,137.17086140,1.28132563,2916.29240612,1
0.00000000,3.00000000,1.00000000,133.96086140,1.31407528,3187.25752600,1
0.00000000,2.00000000,0.00000000,140.17286140,1.40952129,3187.61196296,1
0.00000000,2.00000000,0.00000000,137.60886140,1.35149516,3213.77768404,1
0.00000000,2.00000000,0.00000000,139.20486140,1.43009141,3566.38149037,1
0.00000000,2.00000000,0.00000000,134.12686140,1.29398062,2989.56261038,1
0.00000000,3.00000000,1.00000000,141.94286140,1.42822737,4125.99530329,1
0.00000000,2.00000000,0.00000000,132.40686140,1.28113854,2728.17282462,1
0.00000000,2.00000000,0.00000000,137.61686140,1.33945175,2890.29047117,1
0.00000000,3.00000000,1.00000000,143.38086140,1.37683170,3845.84627496,1
0.00000000,2.00000000,0.00000000,132.09286140,1.28263531,2831.14756982,1
0.00000000,3.00000000,1.00000000,133.33286140,1.48329243,4427.26499755,1
0.00000000,2.00000000,0.00000000,126.74086140,1.23728140,2610.74488310,1
0.00000000,4.00000000,4.00000000,155.07486140,1.51298050,4419.57988061,1
0.00000000,4.00000000,2.00000000,136.18586140,1.47432151,3943.68101262,1
0.00000000,3.00000000,1.00000000,137.72486140,1.49539363,4753.66993252,1
0.00000000,2.00000000,0.00000000,142.38886140,1.40355403,3740.20031440,1
0.00000000,2.00000000,0.00000000,127.27886140,1.24777472,2630.60422766,1
0.00000000,3.00000000,1.00000000,140.31286140,1.48861655,5247.76141440,1
0.00000000,2.00000000,0.00000000,122.85486140,1.43780288,2607.93645494,1
0.00000000,3.00000000,1.00000000,142.68686140,1.51702495,4909.85684768,1
0.00000000,2.00000000,0.00000000,144.14986140,1.28783943,2574.88044094,1
0.00000000,2.00000000,0.00000000,136.08686140,1.34061582,3582.05845813,1
0.00000000,3.00000000,1.00000000,153.90886140,1.35545472,4170.92337429,1
0.00000000,3.00000000,1.00000000,135.16086140,1.29564813,2982.12800790,1
0.00000000,2.00000000,0.00000000,141.52886140,1.42135178,4289.40047012,1
0.00000000,2.00000000,0.00000000,130.85986140,1.24369409,2297.98398553,1
0.00000000,2.00000000,0.00000000,132.21686140,1.29306468,2762.74753002,1
0.00000000,2.00000000,0.00000000,132.72086140,1.28569020,2755.06283926,1
0.00000000,2.00000000,0.00000000,130.13986140,1.16854874,1942.05881701,1
0.00000000,2.00000000,0.00000000,138.90686140,1.40756324,3432.48067063,1
0.00000000,2.00000000,0.00000000,130.06786140,1.47237782,3410.53577225,1
0.00000000,2.00000000,0.00000000,133.99486140,1.30187541,2844.44432160,1
0.00000000,2.00000000,0.00000000,146.59886140,1.48454992,5011.06634172,1
0.00000000,3.00000000,1.00000000,139.58486140,1.31473180,4147.56779881,1
0.00000000,3.00000000,1.00000000,136.07886140,1.47533756,4657.63654828,1
0.00000000,3.00000000,1.00000000,128.77686140,1.33813263,3486.89296240,1
0.00000000,2.00000000,0.00000000,133.20886140,1.28889851,2416.30794098,1
0.00000000,2.00000000,0.00000000,145.44886140,1.35346690,3350.71320324,1
0.00000000,3.00000000,1.00000000,144.97686140,1.38416110,4001.24292475,1
0.00000000,2.00000000,0.00000000,136.49986140,1.29144644,2286.76942084,1
0.00000000,3.00000000,1.00000000,139.65886140,1.38427079,4088.05286275,1
0.00000000,3.00000000,1.00000000,138.03786140,1.28660594,3489.97311800,1
0.00000000,3.00000000,1.00000000,142.82686140,1.44449207,3980.19347342,1
0.00000000,2.00000000,0.00000000,138.03086140,1.32854015,2935.39833397,1
0.00000000,3.00000000,1.00000000,135.61586140,1.34669357,3253.93295907,1
0.00000000,3.00000000,1.00000000,150.35486140,1.76573138,6730.24760501,1
0.00000000,2.00000000,0.00000000,137.74886140,1.27834212,3213.04532835,1
0.00000000,3.00000000,1.00000000,136.58386140,1.35129193,3403.98358806,1
0.00000000,3.00000000,1.00000000,136.29386140,1.31642720,2755.23717145,1
0.00000000,2.00000000,0.00000000,145.05886140,1.28950965,3239.71503843,1
0.00000000,3.00000000,1.00000000,129.99086140,1.23124954,2034.49456824,1
0.00000000,3.00000000,1.00000000,135.48286140,1.31167301,3767.82303955,1
0.00000000,2.00000000,0.00000000,135.30086140,1.29177986,2295.14781372,1
0.00000000,3.00000000,1.00000000,136.31886140,1.43213311,3775.71455581,1
0.00000000,2.00000000,0.00000000,146.23386140,1.37582492,3239.99124598,1
0.00000000,3.00000000,1.00000000,131.17486140,1.30421065,3276.90180443,1
0.00000000,3.00000000,1.00000000,135.20286140,1.35353877,3880.47779932,1
0.00000000,2.00000000,0.00000000,135.47486140,1.30016033,3061.81666364,1
0.00000000,2.00000000,0.00000000,148.75686140,1.67586220,4918.62804732,1
0.00000000,3.00000000,1.00000000,142.49686140,1.60662012,5119.36136764,1
0.00000000,2.00000000,0.00000000,137.68286140,1.49604619,4395.57414886,1
0.00000000,3.00000000,1.00000000,140.08186140,1.48406818,4474.20867859,1
0.00000000,2.00000000,0.00000000,137.17086140,1.29127507,3030.35971675,1
0.00000000,3.00000000,1.00000000,130.81886140,1.31881705,3223.86944887,1
0.00000000,2.00000000,0.00000000,132.47286140,1.38407053,3238.83728661,1
0.00000000,3.00000000,1.00000000,139.58486140,1.29819363,3055.20861638,1
0.00000000,3.00000000,1.00000000,136.61686140,1.40443577,3771.59764983,1
0.00000000,2.00000000,0.00000000,140.18886140,1.36367406,2842.99247777,1
0.00000000,3.00000000,1.00000000,132.60486140,1.26676563,3294.54294855,1
0.00000000,2.00000000,0.00000000,139.69286140,1.52127603,4354.33382617,1
1.00000000,2.00000000,2.00000000,124.00486140,1.38167139,2819.71004244,1
0.00000000,2.00000000,0.00000000,137.54286140,1.27781406,2668.63760983,1
0.00000000,3.00000000,1.00000000,143.97686140,1.52425840,4804.79816902,1
0.00000000,3.00000000,1.00000000,137.59986140,1.36894197,4152.13061797,1
0.00000000,2.00000000,0.00000000,142.71186140,1.34119752,3359.63555896,1
0.00000000,2.00000000,0.00000000,139.41986140,1.36105751,2385.08314296,1
0.00000000,3.00000000,1.00000000,148.40086140,1.45660389,4637.84050622,1
0.00000000,2.00000000,0.00000000,180.08486140,2.06535441,10383.51603486,2
0.00000000,2.00000000,0.00000000,194.70686140,2.07748423,10844.62300579,2
0.00000000,2.00000000,0.00000000,197.73486140,2.16143011,11864.41965647,2
0.00000000,2.00000000,0.00000000,184.72486140,1.74672853,9651.52975628,2
0.00000000,2.00000000,0.00000000,186.13086140,1.93937355,10791.49646182,2
0.00000000,2.00000000,0.00000000,183.45086140,1.92462301,9915.45606011,2
0.00000000,2.00000000,0.00000000,194.02086140,2.05551371,10945.46451175,2
0.00000000,2.00000000,0.00000000,171.36886140,1.93834816,8498.50095303,2
0.00000000,2.00000000,0.00000000,165.54686140,1.69733700,6474.97791550,2
0.00000000,2.00000000,0.00000000,212.35686140,2.40583324,13238.90170544,2
0.00000000,2.00000000,0.00000000,189.91086140,1.96144194,10494.54043008,2
0.00000000,2.00000000,0.00000000,157.88686140,1.75644912,6514.90724855,2
0.00000000,2.00000000,0.00000000,161.76686140,1.72849544,7201.99575131,2
0.00000000,3.00000000,1.00000000,177.02486140,1.87018499,9013.05197565,2
0.00000000,2.00000000,0.00000000,187.11486140,1.92869006,9843.09684511,2
0.00000000,2.00000000,0.00000000,223.29686140,2.55882965,13018.09082143,2
0.00000000,3.00000000,1.00000000,192.64686140,2.01692011,11262.43236502,2
0.00000000,2.00000000,0.00000000,189.50486140,2.14520906,10719.73332391,2
0.00000000,2.00000000,0.00000000,188.31286140,2.10642739,11225.11135502,2
0.00000000,2.00000000,0.00000000,183.07086140,2.09441386,11134.71572067,2
0.00000000,2.00000000,0.00000000,194.70686140,2.02596834,11045.37938947,2
0.00000000,2.00000000,0.00000000,204.38286140,2.12376177,12497.72280205,2
0.00000000,3.00000000,1.00000000,206.19486140,2.06555285,12718.16451996,2
0.00000000,2.00000000,0.00000000,166.21486140,1.92223481,7927.74289127,2
0.00000000,2.00000000,0.00000000,197.26286140,2.08986041,9520.67375104,2
0.00000000,2.00000000,0.00000000,188.25686140,1.99868122,9546.50510135,2
0.00000000,3.00000000,1.00000000,184.49286140,2.02429548,9561.24641563,2
0.00000000,2.00000000,0.00000000,168.83686140,1.91278648,8950.94707588,2
0.00000000,2.00000000,0.00000000,197.87486140,2.05335232,10906.43063975,2
0.00000000,2.00000000,0.00000000,187.75086140,2.05848644,10846.70049089,2
0.00000000,2.00000000,0.00000000,193.26086140,2.02614114,11076.60102182,2
0.00000000,2.00000000,0.00000000,200.94286140,2.11105728,12115.81579562,2
0.00000000,2.00000000,0.00000000,194.86486140,1.99925276,10878.26490041,2
0.00000000,2.00000000,0.00000000,189.10086140,2.09556469,10524.65185024,2
0.00000000,2.00000000,0.00000000,207.82286140,2.17281474,12274.34405651,2
0.00000000,2.00000000,0.00000000,187.01486140,1.95258414,10192.86876434,2
0.00000000,2.00000000,0.00000000,191.15086140,1.97823062,11158.09498925,2
0.00000000,2.00000000,0.00000000,188.52086140,1.94318243,10355.37655484,2
0.00000000,2.00000000,0.00000000,196.55086140,1.95421382,11507.50873039,2
0.00000000,2.00000000,0.00000000,182.71486140,1.99425509,10369.66355595,2
0.00000000,2.00000000,0.00000000,174.97486140,2.06382425,10287.06586051,2
0.00000000,2.00000000,0.00000000,195.88086140,2.03957201,10007.79328017,2
0.00000000,2.00000000,0.00000000,190.56486140,2.12328786,11295.04035158,2
0.00000000,2.00000000,0.00000000,193.06886140,1.95765800,10291.73573528,2
0.00000000,3.00000000,1.00000000,152.49486140,1.71387839,5908.13609404,2
0.00000000,2.00000000,0.00000000,197.13086140,1.96732585,10926.19965877,2
0.00000000,2.00000000,0.00000000,169.38286140,1.92519257,8596.95747912,2
0.00000000,2.00000000,0.00000000,204.36686140,2.11358187,11473.95685243,2
0.00000000,2.00000000,0.00000000,180.32486140,1.89840318,9638.13522584,2
0.00000000,2.00000000,0.00000000,190.99286140,1.98597280,10628.61597346,2
0.00000000,2.00000000,0.00000000,189.37286140,1.88636455,10142.29188734,2
0.00000000,2.00000000,0.00000000,162.40386140,1.61671567,6738.52857654,2
0.00000000,2.00000000,0.00000000,195.23686140,2.12774454,11077.54568720,2
0.00000000,2.00000000,0.00000000,189.34686140,2.16978582,10841.25485705,2
0.00000000,2.00000000,0.00000000,171.40086140,2.00422547,8726.45401501,2
0.00000000,2.00000000,0.00000000,202.53886140,2.36023162,13014.44300761,2
0.00000000,2.00000000,0.00000000,181.64886140,2.10782236,9578.79959016,2
0.00000000,2.00000000,0.00000000,175.80086140,1.84181949,9071.29640166,2
0.00000000,2.00000000,0.00000000,204.51586140,2.11370282,11909.11368680,2
0.00000000,2.00000000,0.00000000,190.88586140,1.99300047,10160.08821485,2
0.00000000,2.00000000,0.00000000,195.02086140,2.04177475,10576.93308761,2
0.00000000,2.00000000,0.00000000,183.38486140,2.06268650,10864.25364229,2
0.00000000,3.00000000,0.00000000,185.28686140,1.94657912,9900.67546590,2
0.00000000,2.00000000,0.00000000,144.63086140,1.52688713,4735.33278623,2
0.00000000,2.00000000,0.00000000,175.69286140,1.96526277,9308.35526687,2
0.00000000,2.00000000,0.00000000,164.26286140,1.92406817,8348.20441864,2
0.00000000,2.00000000,0.00000000,187.90086140,2.16035734,10395.69476057,2
1.00000000,1.00000000,1.00000000,153.47886140,1.58836105,5167.20129238,2
0.00000000,2.00000000,0.00000000,178.33086140,1.89464137,9203.61953611,2
0.00000000,2.00000000,0.00000000,176.27286140,1.64029804,8604.06558128,2
0.00000000,2.00000000,0.00000000,194.69086140,2.00544152,10439.85147866,2
0.00000000,2.00000000,0.00000000,193.05286140,2.08229981,10795.73653773,2
0.00000000,2.00000000,0.00000000,200.76886140,2.06667152,11587.08579380,2
0.00000000,2.00000000,0.00000000,200.61286140,2.19288939,12560.34517675,2
0.00000000,2.00000000,0.00000000,206.31886140,2.22538906,12793.89709458,2
0.00000000,2.00000000,0.00000000,163.84986140,1.78434935,7033.61771800,2
0.00000000,2.00000000,0.00000000,204.47486140,2.20228202,13686.01870696,2
0.00000000,2.00000000,0.00000000,198.56886140,2.22464944,11660.19766344,2
0.00000000,2.00000000,0.00000000,198.71686140,2.27341121,11386.31053212,2
0.00000000,2.00000000,0.00000000,182.83886140,1.96781926,9629.45445804,2
0.00000000,2.00000000,0.00000000,198.18886140,1.99799055,11721.20016651,2
0.00000000,2.00000000,0.00000000,190.94486140,2.10949862,9958.56875432,2
0.00000000,2.00000000,0.00000000,192.11086140,2.18885378,11248.93600686,2
0.00000000,2.00000000,0.00000000,161.61686140,1.77061840,6720.47384247,2
0.00000000,3.00000000,1.00000000,187.25486140,1.92244841,9495.98135796,2
0.00000000,3.00000000,1.00000000,197.59286140,2.01003282,11201.39653849,2
0.00000000,2.00000000,0.00000000,185.45186140,1.99594190,10102.21885817,2
0.00000000,2.00000000,0.00000000,187.33886140,1.91697367,9772.33088440,2
0.00000000,2.00000000,0.00000000,206.40086140,2.04960327,12174.21356194,2
0.00000000,2.00000000,0.00000000,185.32086140,1.94155803,11312.41586538,2
0.00000000,2.00000000,0.00000000,194.15286140,1.96232138,11270.59677389,2
0.00000000,2.00000000,0.00000000,187.61086140,1.99465007,9487.46466095,2
0.00000000,2.00000000,0.00000000,177.84486140,1.83805394,8575.66149801,2
0.00000000,2.00000000,0.00000000,189.09886140,1.98250686,10099.49577569,2
0.00000000,2.00000000,0.00000000,201.33086140,2.28460531,11864.60492744,2
0.00000000,3.00000000,1.00000000,177.04186140,1.74194776,6955.24577816,2
0.00000000,2.00000000,0.00000000,177.17486140,2.04042927,9774.50421110,2
0.00000000,3.00000000,1.00000000,176.34686140,1.90489313,8661.64627506,2
0.00000000,2.00000000,0.00000000,172.07286140,2.06230344,9499.49056332,2
0.00000000,2.00000000,0.00000000,178.16686140,2.06045681,10367.97502115,2
0.00000000,3.00000000,1.00000000,170.02886140,1.74675519,8077.61081330,3
0.00000000,3.00000000,1.00000000,209.06286140,2.29042035,12900.69522784,3
0.00000000,2.00000000,0.00000000,137.74286140,1.52525276,3801.70695583,3
0.00000000,3.00000000,1.00000000,193.94486140,2.20079255,11751.94464680,3
0.00000000,3.00000000,1.00000000,170.66486140,1.76860186,7245.33719219,3
0.00000000,4.00000000,2.00000000,211.36286140,2.20227607,15845.42042440,3
0.00000000,4.00000000,2.00000000,188.71886140,1.97443650,10852.68011351,3
0.00000000,3.00000000,1.00000000,174.99886140,1.97307287,9505.01589505,3
0.00000000,4.00000000,2.00000000,183.29486140,2.00509307,10691.51628673,3
0.00000000,4.00000000,2.00000000,192.54086140,2.07677730,11453.76968535,3
0.00000000,4.00000000,2.00000000,163.97486140,1.74459522,7053.13552514,3
0.00000000,3.00000000,1.00000000,200.73486140,2.17311637,12567.86955747,3
0.00000000,3.00000000,1.00000000,193.01086140,1.91072771,11054.80295487,3
0.00000000,3.00000000,1.00000000,176.38086140,2.03809018,9590.97449508,3
0.00000000,3.00000000,1.00000000,165.08286140,1.64338487,8263.71586073,3
0.00000000,4.00000000,2.00000000,184.02886140,1.76409537,9560.24593987,3
0.00000000,2.00000000,0.00000000,181.97086140,1.98613465,8527.39838449,3
0.00000000,4.00000000,2.00000000,197.96486140,2.05707172,12499.41748390,3
0.00000000,3.00000000,1.00000000,187.36286140,2.07630464,11248.09034878,3
0.00000000,2.00000000,0.00000000,172.43486140,1.95040566,8179.28588948,3
0.00000000,3.00000000,1.00000000,184.23686140,1.85261096,9926.68498876,3
0.00000000,3.00000000,1.00000000,189.49686140,1.90188189,10333.62081635,3
0.00000000,3.00000000,1.00000000,178.22486140,1.94089523,9466.05654668,3
0.00000000,2.00000000,0.00000000,155.88686140,1.75200083,6437.85793371,3
0.00000000,4.00000000,2.00000000,202.67086140,2.00512342,11249.85636477,3
0.00000000,3.00000000,1.00000000,203.09186140,2.22165575,13438.73143497,3
0.00000000,3.00000000,1.00000000,165.49686140,1.88716172,8692.21883039,3
0.00000000,3.00000000,1.00000000,178.86886140,1.84863714,8202.66822567,3
0.00000000,3.00000000,1.00000000,192.84586140,2.04018989,11367.29873417,3
0.00000000,3.00000000,1.00000000,172.37886140,1.91173167,8420.24727832,3
0.00000000,3.00000000,1.00000000,174.86686140,1.87656477,8755.62620081,3
0.00000000,2.00000000,0.00000000,183.14486140,2.03427634,9036.09197813,3
0.00000000,2.00000000,0.00000000,192.63086140,1.87939383,11076.02649650,3
0.00000000,4.00000000,2.00000000,175.47886140,1.82714009,9665.15932153,3
0.00000000,3.00000000,1.00000000,192.20886140,1.94018417,11319.72949579,3
0.00000000,3.00000000,1.00000000,170.35886140,1.97514482,9086.68506681,3
0.00000000,3.00000000,1.00000000,175.70186140,1.87470459,7955.09645503,3
0.00000000,3.00000000,1.00000000,176.45486140,1.81638843,9791.82907532,3
0.00000000,4.00000000,2.00000000,179.70486140,1.86986918,9534.49310992,3
0.00000000,4.00000000,2.00000000,187.34686140,2.00614239,11269.23977157,3
0.00000000,3.00000000,1.00000000,158.07886140,1.75314052,6033.59527920,3
0.00000000,2.00000000,0.00000000,157.55686140,1.60905215,5877.71690528,3
0.00000000,4.00000000,2.00000000,152.76086140,1.72510237,6333.39522651,3
0.00000000,2.00000000,0.00000000,152.63686140,1.75783809,6438.94189014,3
0.00000000,3.00000000,1.00000000,183.15286140,1.99307728,9901.10829177,3
0.00000000,4.00000000,2.00000000,203.14286140,2.02732438,13242.81512548,3
0.00000000,4.00000000,2.00000000,183.31086140,1.93253227,9301.73527373,3
0.00000000,4.00000000,2.00000000,163.45486140,1.71602777,7601.00931024,3
0.00000000,3.00000000,1.00000000,156.01986140,1.94130332,8434.74103208,3
0.00000000,2.00000000,0.00000000,165.46286140,1.60856847,7739.40695489,3
0.00000000,3.00000000,1.00000000,203.46486140,2.24609383,12199.94087135,3
0.00000000,3.00000000,1.00000000,202.78686140,2.06960851,12568.45198018,3
0.00000000,3.00000000,1.00000000,210.37086140,2.23188054,15242.06518384,3
0.00000000,3.00000000,1.00000000,153.24886140,1.79043289,6610.25112281,3
0.00000000,3.00000000,1.00000000,179.02686140,1.84902955,8527.50697573,3
0.00000000,2.00000000,0.00000000,159.88886140,1.68208846,7059.03925260,3
0.00000000,3.00000000,1.00000000,153.42286140,1.63001120,5676.85666709,3
0.00000000,3.00000000,1.00000000,203.58886140,1.90592654,13138.41713804,3
0.00000000,3.00000000,1.00000000,178.71286140,1.80510960,9524.78281074,3
0.00000000,4.00000000,2.00000000,163.41286140,1.72396435,7456.09033541,3
0.00000000,3.00000000,1.00000000,207.67486140,2.30139674,14634.75337433,3
0.00000000,3.00000000,1.00000000,163.08186140,1.73017894,6343.28229698,3
0.00000000,3.00000000,1.00000000,209.57686140,2.13611198,15203.10524535,3
0.00000000,3.00000000,1.00000000,178.45686140,1.87482479,9784.33231859,3
0.00000000,3.00000000,1.00000000,188.25686140,2.05014521,10306.11730907,3
0.00000000,4.00000000,2.00000000,158.50886140,1.70845415,7317.15570253,3
0.00000000,3.00000000,1.00000000,164.91886140,1.72662127,8540.31583885,3
0.00000000,3.00000000,1.00000000,190.74486140,2.04252876,10965.80685517,3
0.00000000,4.00000000,2.00000000,182.50886140,1.96569877,9698.37611408,3
0.00000000,3.00000000,1.00000000,175.72686140,1.85517172,8390.67616432,3
0.00000000,4.00000000,2.00000000,184.62486140,1.75169753,9678.07913142,3
0.00000000,3.00000000,1.00000000,192.01086140,2.00200576,11134.45548066,3
0.00000000,3.00000000,1.00000000,176.29886140,1.84703690,9528.44766345,3
0.00000000,3.00000000,1.00000000,174.26286140,1.90629051,9209.63708326,3
0.00000000,3.00000000,1.00000000,172.93286140,2.00329658,10281.39819964,3
0.00000000,3.00000000,1.00000000,183.64886140,1.98961232,9150.22411603,3
0.00000000,4.00000000,2.00000000,191.39886140,2.07971809,11453.37389317,3
0.00000000,2.00000000,0.00000000,171.56686140,1.74983765,9298.72756729,3
0.00000000,3.00000000,1.00000000,175.36286140,1.82967521,9222.73646886,3
0.00000000,3.00000000,1.00000000,157.67286140,1.77207355,7814.67434570,3
0.00000000,4.00000000,2.00000000,193.84686140,1.97449555,10159.92381786,3
0.00000000,3.00000000,0.00000000,143.14286140,1.54622459,5338.50537800,3
0.00000000,3.00000000,1.00000000,200.41286140,2.24708138,13358.62187728,3
0.00000000,4.00000000,2.00000000,194.64086140,2.13081157,12182.30167703,3
0.00000000,3.00000000,1.00000000,206.64086140,2.15601900,12907.01105402,3
0.00000000,4.00000000,2.00000000,174.45286140,1.77579388,8610.95777217,3
0.00000000,3.00000000,1.00000000,193.59086140,1.92001959,11953.47810793,3
0.00000000,2.00000000,0.00000000,168.62486140,1.91502343,8822.05670673,3
0.00000000,2.00000000,0.00000000,170.61486140,1.95836418,8276.33940945,3
0.00000000,3.00000000,1.00000000,182.51686140,1.89783806,11437.43613110,3
0.00000000,3.00000000,1.00000000,195.39286140,2.03034583,11234.78105944,3
0.00000000,3.00000000,1.00000000,208.39486140,2.14374514,13418.20545580,3
0.00000000,3.00000000,1.00000000,174.30486140,1.71710812,9232.87364222,3
0.00000000,4.00000000,2.00000000,172.22086140,1.82071021,8677.42930966,3
0.00000000,3.00000000,1.00000000,171.26886140,1.82479663,7661.91110379,3
0.00000000,2.00000000,0.00000000,162.94086140,1.59354163,6285.72459904,3
0.00000000,3.00000000,1.00000000,190.31486140,2.02339858,10211.82435260,3
0.00000000,3.00000000,1.00000000,183.44286140,1.98299824,10757.71050125,3
0.00000000,2.00000000,0.00000000,182.15286140,1.94912038,10137.65591027,3
0.00000000,3.00000000,1.00000000,170.09486140,1.78326949,8538.21315242,3
0.00000000,3.00000000,1.00000000,161.73286140,1.75088834,8265.00357382,4
0.00000000,3.00000000,1.00000000,155.95286140,1.78858971,7817.27599614,4
0.00000000,3.00000000,1.00000000,175.42786140,1.94855998,9886.84837963,4
0.00000000,4.00000000,2.00000000,154.35686140,1.74592593,7682.99167606,4
0.00000000,3.00000000,1.00000000,159.62486140,1.87622258,7075.75141436,4
0.00000000,2.00000000,0.00000000,145.93786140,1.71534628,5492.61195697,4
0.00000000,3.00000000,1.00000000,170.13686140,1.94324951,8860.47527332,4
0.00000000,3.00000000,1.00000000,167.29886140,1.82190947,9237.22029982,4
0.00000000,3.00000000,1.00000000,154.53686140,1.68042689,7140.10054526,4
0.00000000,3.00000000,1.00000000,153.33086140,1.72464344,7442.69212261,4
0.00000000,4.00000000,1.00000000,154.99286140,1.77318878,7537.86346495,4
0.00000000,3.00000000,1.00000000,153.52886140,1.76663919,7098.60031932,4
0.00000000,4.00000000,2.00000000,155.62886140,1.79829973,7490.57478418,4
0.00000000,3.00000000,1.00000000,169.71286140,1.86212613,9081.41122010,4
0.00000000,4.00000000,2.00000000,160.05486140,1.86834689,9065.88240283,4
0.00000000,3.00000000,1.00000000,170.25086140,1.82045424,9238.21504904,4
0.00000000,3.00000000,1.00000000,146.35086140,1.69251243,7045.28570481,4
0.00000000,4.00000000,2.00000000,139.37086140,1.52574871,4872.02840690,4
0.00000000,3.00000000,1.00000000,152.86686140,1.79523171,6631.01559274,4
1.00000000,3.00000000,3.00000000,146.86386140,1.54937659,4952.08536698,4
0.00000000,2.00000000,0.00000000,162.62686140,1.72291650,7025.18058338,4
0.00000000,3.00000000,1.00000000,166.15686140,1.82035707,8595.74262400,4
0.00000000,2.00000000,0.00000000,145.81286140,1.62975073,5873.68801386,4
0.00000000,6.00000000,2.00000000,118.12486140,1.57786176,4756.59084591,4
0.00000000,3.00000000,1.00000000,162.16286140,1.83865879,9115.76782412,4
0.00000000,3.00000000,1.00000000,163.33686140,1.85647420,8800.60121098,4
0.00000000,3.00000000,1.00000000,174.34686140,1.82784733,9602.32266310,4
0.00000000,2.00000000,0.00000000,156.99486140,1.71353222,6757.23655226,4
0.00000000,3.00000000,1.00000000,162.49486140,1.72639489,8058.97657998,4
0.00000000,3.00000000,1.00000000,156.77886140,1.69228000,7357.32408241,4
0.00000000,3.00000000,1.00000000,152.16486140,1.77776833,8090.03082449,4
0.00000000,3.00000000,1.00000000,160.60086140,1.85731025,7466.42023029,4
0.00000000,3.00000000,1.00000000,149.91486140,1.69025640,6906.86910031,4
0.00000000,2.00000000,0.00000000,152.26486140,1.69390587,5996.52881810,4
0.00000000,2.00000000,0.00000000,152.12286140,1.77121183,6661.76228821,4
0.00000000,2.00000000,0.00000000,157.74686140,1.71916830,7312.45456065,4
0.00000000,2.00000000,0.00000000,168.20086140,1.80764720,8384.33337408,4
0.00000000,3.00000000,1.00000000,138.09686140,1.53035213,5602.35019121,4
0.00000000,3.00000000,1.00000000,164.12286140,1.72543221,8533.38108543,4
0.00000000,4.00000000,2.00000000,165.05886140,1.89302446,6946.70657449,4
0.00000000,3.00000000,1.00000000,158.91286140,1.74099431,7359.52750606,4
0.00000000,4.00000000,2.00000000,161.81686140,1.77280953,8095.26066754,4
0.00000000,3.00000000,1.00000000,156.90286140,1.75370369,7847.20144767,4
0.00000000,3.00000000,1.00000000,154.78686140,1.77229012,6892.64323780,4
0.00000000,3.00000000,1.00000000,151.88286140,1.69892920,6699.96983825,4
0.00000000,3.00000000,1.00000000,157.17686140,1.75953057,7474.79802180,4
0.00000000,3.00000000,1.00000000,162.34586140,1.74093775,8835.07900580,4
0.00000000,3.00000000,1.00000000,173.59286140,1.83650506,8935.83116468,4
0.00000000,2.00000000,0.00000000,158.41686140,1.74746143,7458.45900212,4
0.00000000,2.00000000,0.00000000,157.25086140,1.66011814,6977.89773411,4
0.00000000,3.00000000,1.00000000,155.24886140,1.75039605,6838.15357390,4
0.00000000,2.00000000,0.00000000,146.26886140,1.59407792,5163.62160963,4
0.00000000,3.00000000,1.00000000,162.72486140,1.82740285,9359.88244691,4
0.00000000,3.00000000,1.00000000,163.68486140,1.75402979,7703.21110020,4
0.00000000,2.00000000,0.00000000,155.19286140,1.74836876,6225.59989478,4
0.00000000,3.00000000,1.00000000,157.16686140,1.77060741,6909.18411373,4
0.00000000,3.00000000,1.00000000,141.14886140,1.56780697,6003.00526087,4
0.00000000,2.00000000,0.00000000,152.65486140,1.72390533,5971.70651707,4
0.00000000,3.00000000,1.00000000,149.74086140,1.71169645,6359.74055470,4
0.00000000,3.00000000,1.00000000,154.93486140,1.68852235,7329.97313433,4
0.00000000,3.00000000,1.00000000,159.22686140,1.85868151,8155.17575303,4
0.00000000,4.00000000,2.00000000,168.12686140,1.88359507,9468.03359224,4
0.00000000,2.00000000,0.00000000,154.91886140,1.77673099,6394.65838259,4
0.00000000,2.00000000,0.00000000,155.78686140,1.65278434,6634.18562276,4
0.00000000,3.00000000,1.00000000,162.47686140,1.83189013,7243.71582159,4
0.00000000,2.00000000,0.00000000,149.12086140,1.63371655,5774.54873649,4
0.00000000,3.00000000,1.00000000,167.61286140,1.96161757,8222.61415622,4
0.00000000,5.00000000,1.00000000,99.50886140,1.54995790,3579.87140209,4
0.00000000,3.00000000,1.00000000,167.61286140,1.87047531,9006.57685569,4
0.00000000,2.00000000,0.00000000,162.56886140,1.74966161,7734.96519969,4
0.00000000,3.00000000,1.00000000,165.60286140,1.90875195,9296.39712504,4
0.00000000,3.00000000,1.00000000,161.34486140,1.72028810,7030.03744137,4
0.00000000,4.00000000,2.00000000,156.01886140,1.67067678,7963.75628134,4
0.00000000,3.00000000,1.00000000,171.25286140,1.90366257,8865.65128378,4
0.00000000,2.00000000,0.00000000,133.78886140,1.33020044,3193.35524586,4
0.00000000,3.00000000,1.00000000,172.46686140,1.73757155,8243.74340778,4
0.00000000,3.00000000,1.00000000,152.18886140,1.75707690,7573.70828693,4
0.00000000,4.00000000,2.00000000,160.16286140,1.79295762,8453.77217665,4
0.00000000,3.00000000,1.00000000,162.16286140,1.70364395,8031.62324464,4
0.00000000,3.00000000,1.00000000,165.67886140,1.74909365,6871.44036713,4
0.00000000,2.00000000,0.00000000,153.95886140,1.68799348,6349.39756779,4
0.00000000,2.00000000,0.00000000,144.08486140,1.65934922,5879.52134197,4
0.00000000,4.00000000,2.00000000,167.85286140,1.76833376,8463.83579573,4
0.00000000,3.00000000,0.00000000,147.06086140,1.40728573,4731.51333270,4
0.00000000,3.00000000,1.00000000,156.56486140,1.59370801,7486.87665627,4
0.00000000,3.00000000,1.00000000,154.70286140,1.68473716,7370.12120835,4
0.00000000,3.00000000,1.00000000,159.45886140,1.69654766,7908.00339705,4
0.00000000,3.00000000,1.00000000,158.17686140,1.76794319,8837.69004848,4
0.00000000,3.00000000,1.00000000,158.70686140,1.67902039,8574.68295226,4
0.00000000,3.00000000,1.00000000,152.42086140,1.62051535,6407.95092597,4
0.00000000,4.00000000,2.00000000,168.40686140,1.90178998,9563.35209864,4
0.00000000,3.00000000,1.00000000,147.88886140,1.60219616,6286.78862989,4
0.00000000,2.00000000,0.00000000,155.72086140,1.75291979,6811.65807908,4
0.00000000,4.00000000,2.00000000,155.96086140,1.77263915,7675.37395462,4
0.00000000,2.00000000,0.00000000,163.29686140,1.88060367,7781.64015149,4
0.00000000,3.00000000,1.00000000,164.28886140,1.73441924,8314.07354031,4
0.00000000,2.00000000,0.00000000,152.95886140,1.75425217,7027.38511048,4
0.00000000,3.00000000,1.00000000,162.68486140,1.81264683,8306.16044722,4
0.00000000,4.00000000,2.00000000,168.41486140,1.86488962,9126.64509546,4
0.00000000,3.00000000,1.00000000,161.56686140,1.82308680,8481.51096463,4
0.00000000,2.00000000,0.00000000,209.69086140,2.09925077,14252.11793566,5
0.00000000,3.00000000,1.00000000,164.55286140,1.66851466,6735.73773822,5
0.00000000,2.00000000,0.00000000,209.79886140,2.05551632,13672.51993000,5
0.00000000,3.00000000,1.00000000,217.62286140,2.08492307,15740.51937416,5
0.00000000,2.00000000,0.00000000,180.67986140,2.06876172,9746.83640521,5
0.00000000,3.00000000,1.00000000,201.73486140,2.00950383,13699.03216397,5
0.00000000,2.00000000,0.00000000,186.80886140,1.94511154,12189.99516565,5
0.00000000,2.00000000,0.00000000,196.04686140,1.98913938,12145.22011469,5
0.00000000,2.00000000,0.00000000,179.44886140,1.85712599,11172.93900744,5
0.00000000,3.00000000,1.00000000,216.76186140,2.08753755,14591.28072843,5
0.00000000,2.00000000,0.00000000,186.18886140,2.11965206,11926.49860138,5
0.00000000,3.00000000,1.00000000,191.77086140,1.88229489,11819.86541611,5
0.00000000,2.00000000,0.00000000,187.37886140,2.08778921,10873.17902565,5
0.00000000,3.00000000,1.00000000,207.97086140,2.05000824,13458.90125865,5
0.00000000,3.00000000,1.00000000,206.01086140,2.14504870,13672.78480308,5
0.00000000,2.00000000,0.00000000,190.43086140,1.85239842,11344.82038440,5
0.00000000,2.00000000,0.00000000,202.92686140,1.96578800,13519.38881995,5
0.00000000,3.00000000,1.00000000,224.40386140,2.27245103,16731.34824914,5
0.00000000,3.00000000,1.00000000,221.40986140,2.25524821,16320.75440096,5
0.00000000,2.00000000,0.00000000,195.18586140,2.01592333,12302.18837724,5
0.00000000,2.00000000,0.00000000,180.09286140,2.03702507,9605.46898370,5
0.00000000,3.00000000,1.00000000,201.08286140,2.07822224,13518.53665584,5
0.00000000,3.00000000,1.00000000,201.73686140,2.12382195,13774.17085242,5
0.00000000,2.00000000,0.00000000,194.82286140,1.93223847,11839.82989873,5
0.00000000,2.00000000,0.00000000,184.91486140,1.93596978,11989.41159130,5
0.00000000,3.00000000,1.00000000,189.93486140,1.85642433,11787.07654748,5
0.00000000,2.00000000,0.00000000,190.35486140,1.99018455,10787.27553586,5
0.00000000,3.00000000,1.00000000,169.85586140,1.95288811,9872.10531024,5
0.00000000,2.00000000,0.00000000,188.78586140,1.83639684,12341.95965937,5
0.00000000,2.00000000,0.00000000,179.48886140,1.77359218,10886.35836690,5
0.00000000,2.00000000,0.00000000,178.92686140,2.07448242,9820.56620270,5
0.00000000,3.00000000,1.00000000,210.46886140,2.02575229,15197.64923595,5
0.00000000,2.00000000,0.00000000,166.49086140,1.63317496,6421.12134914,5
0.00000000,2.00000000,0.00000000,197.50886140,2.02103976,12127.81383523,5
0.00000000,3.00000000,1.00000000,192.23286140,1.95805559,12567.19435663,5
0.00000000,3.00000000,1.00000000,186.66686140,1.91514383,11283.44456674,5
0.00000000,3.00000000,1.00000000,218.96286140,2.30517184,16695.46779172,5
0.00000000,2.00000000,0.00000000,199.99886140,1.97022427,11900.51624394,5
0.00000000,3.00000000,1.00000000,196.19486140,2.06691739,12622.76346060,5
0.00000000,2.00000000,0.00000000,201.50386140,2.03531269,12698.62604121,5
0.00000000,3.00000000,1.00000000,215.31486140,2.16100379,15196.92998964,5
0.00000000,3.00000000,1.00000000,209.55086140,2.24877236,14877.19003563,5
0.00000000,2.00000000,0.00000000,176.85886140,1.88033644,9021.52496132,5
0.00000000,2.00000000,0.00000000,213.39686140,2.17789238,14333.80085669,5
0.00000000,2.00000000,0.00000000,186.27886140,1.76340537,10085.42642577,5
0.00000000,3.00000000,1.00000000,211.04786140,2.18856860,15227.63658881,5
0.00000000,2.00000000,0.00000000,191.90286140,2.23819842,11197.45948873,5
0.00000000,3.00000000,1.00000000,194.47486140,2.00188244,12748.97861102,5
0.00000000,2.00000000,0.00000000,189.95086140,2.15372878,11182.27663238,5
0.00000000,3.00000000,1.00000000,189.80186140,1.76331570,11438.77821374,5
0.00000000,2.00000000,0.00000000,192.55686140,1.92167826,11324.82093234,5
0.00000000,3.00000000,1.00000000,183.83086140,1.85918964,10150.08381264,5
0.00000000,2.00000000,0.00000000,188.11486140,1.83314224,11088.03713939,5
0.00000000,2.00000000,0.00000000,174.22086140,2.02850543,9504.13924413,5
0.00000000,3.00000000,1.00000000,192.08486140,2.13357714,11188.26743756,5
0.00000000,3.00000000,1.00000000,215.23286140,2.10748553,14951.70855557,5
0.00000000,2.00000000,0.00000000,175.87486140,1.99413020,9390.63390828,5
0.00000000,3.00000000,1.00000000,183.81486140,1.83100068,11323.38392327,5
0.00000000,2.00000000,0.00000000,216.88686140,2.15373142,15639.27044716,5
0.00000000,3.00000000,1.00000000,178.72786140,1.93629926,9894.85772753,5
0.00000000,2.00000000,0.00000000,191.17486140,2.06809934,11354.15990550,5
0.00000000,2.00000000,0.00000000,180.22586140,1.94679396,11082.96232739,5
0.00000000,2.00000000,0.00000000,157.47486140,1.85417344,8127.98972280,5
0.00000000,2.00000000,0.00000000,178.81086140,2.05074318,9694.05978355,5
0.00000000,2.00000000,0.00000000,203.48086140,1.96999349,13239.52595029,5
0.00000000,3.00000000,1.00000000,212.06486140,1.97658750,14630.50074475,5
0.00000000,3.00000000,1.00000000,193.66486140,1.90434653,13225.58060665,5
0.00000000,3.00000000,1.00000000,205.44086140,2.00078727,14158.11916279,5
0.00000000,3.00000000,1.00000000,198.51086140,2.00894863,12215.26643467,5
0.00000000,3.00000000,1.00000000,187.78486140,1.85556786,12254.04003149,5
0.00000000,3.00000000,1.00000000,210.66086140,2.18751350,15847.07312158,5
0.00000000,3.00000000,1.00000000,205.33286140,2.13653424,14118.85041117,5
0.00000000,3.00000000,1.00000000,179.63686140,1.81794197,10675.40951168,5
0.00000000,2.00000000,0.00000000,186.46886140,2.01423065,10513.02171566,5
0.00000000,3.00000000,1.00000000,191.14286140,2.03945705,13029.40532406,5
0.00000000,3.00000000,1.00000000,206.92086140,2.38897816,13600.93711971,5
0.00000000,3.00000000,1.00000000,190.81086140,2.15999308,12616.40893775,5
0.00000000,2.00000000,0.00000000,195.02086140,1.94020721,12147.48413541,5
0.00000000,2.00000000,0.00000000,189.47086140,2.16230470,10536.85473618,5
0.00000000,3.00000000,1.00000000,190.47286140,1.93508918,11436.20231617,5
0.00000000,2.00000000,0.00000000,204.03486140,1.98002690,13630.70528952,5
0.00000000,2.00000000,0.00000000,184.36086140,1.91441292,9131.48776434,5
0.00000000,3.00000000,1.00000000,219.39286140,2.21458342,14739.10779581,5
0.00000000,3.00000000,1.00000000,212.20486140,2.18293838,15406.87537833,5
0.00000000,2.00000000,0.00000000,191.67086140,2.08422034,10765.33570354,5
0.00000000,2.00000000,0.00000000,194.50886140,1.99957165,11990.33790040,5
0.00000000,2.00000000,0.00000000,193.60686140,2.09595004,13252.18439739,5
0.00000000,2.00000000,0.00000000,152.50586140,1.66703412,6263.50538562,5
0.00000000,3.00000000,1.00000000,192.28286140,1.98328371,12149.88239172,5
0.00000000,2.00000000,0.00000000,177.71886140,1.82454725,9479.15525737,5
0.00000000,3.00000000,1.00000000,185.60886140,1.83519227,11030.04951660,5
0.00000000,3.00000000,1.00000000,206.36686140,1.99441361,13477.73288702,5
0.00000000,3.00000000,1.00000000,196.40186140,2.01903189,12940.92032898,5
0.00000000,3.00000000,1.00000000,169.82986140,1.71319085,9155.17560206,5
0.00000000,3.00000000,1.00000000,208.06986140,2.10298181,14814.88333754,5
0.00000000,3.00000000,1.00000000,199.39586140,1.94307337,13363.32699725,5
0.00000000,3.00000000,1.00000000,210.51886140,2.07639239,15091.80552571,5
0.00000000,3.00000000,1.00000000,195.97986140,2.27604324,12642.13338071,5
0.00000000,2.00000000,0.00000000,197.06286140,1.87822579,11408.92296336,5
0.00000000,3.00000000,1.00000000,191.89486140,1.87109434,11377.51030788,5
1.00000000,1.00000000,1.00000000,144.99486140,1.58493175,4479.01038962,6
1.00000000,1.00000000,1.00000000,147.58286140,1.60006144,4292.74534542,6
1.00000000,1.00000000,1.00000000,159.51686140,1.50836574,5529.82243893,6
1.00000000,1.00000000,1.00000000,167.27286140,1.59247747,5751.33709351,6
1.00000000,1.00000000,1.00000000,133.81286140,1.55537559,3787.03556031,6
1.00000000,1.00000000,1.00000000,139.45286140,1.33218413,3490.17179807,6
1.00000000,1.00000000,1.00000000,137.37686140,1.47853051,3882.01046533,6
1.00000000,1.00000000,1.00000000,130.70386140,1.34454260,3161.16524363,6
1.00000000,1.00000000,1.00000000,140.18886140,1.49046660,3541.76662179,6
1.00000000,1.00000000,1.00000000,137.87286140,1.32934276,3504.25313214,6
1.00000000,1.00000000,1.00000000,142.72086140,1.59896110,4312.91425973,6
1.00000000,1.00000000,1.00000000,151.16286140,1.54274267,4900.63251141,6
1.00000000,1.00000000,1.00000000,133.34086140,1.39123225,3276.39505791,6
1.00000000,1.00000000,1.00000000,171.99686140,1.78602449,6515.44558864,6
1.00000000,1.00000000,1.00000000,137.04686140,1.44278607,3381.93949131,6
1.00000000,1.00000000,1.00000000,171.32686140,1.61912983,6641.59861241,6
1.00000000,1.00000000,1.00000000,171.94686140,1.76645935,6143.41485890,6
1.00000000,1.00000000,1.00000000,138.72486140,1.51639468,3861.44976225,6
1.00000000,1.00000000,1.00000000,135.04486140,1.33936477,3242.80867370,6
1.00000000,1.00000000,1.00000000,152.52886140,1.46213728,4580.15427612,6
1.00000000,1.00000000,1.00000000,149.63486140,1.54236423,4258.51180153,6
1.00000000,1.00000000,1.00000000,141.52886140,1.53555980,3979.06929035,6
1.00000000,1.00000000,1.00000000,135.57486140,1.43733370,4073.64498836,6
1.00000000,1.00000000,1.00000000,161.78286140,1.62993224,5845.27094085,6
1.00000000,1.00000000,1.00000000,135.11086140,1.38527945,3389.10291275,6
1.00000000,1.00000000,1.00000000,136.64886140,1.46749470,3665.44948044,6
1.00000000,1.00000000,1.00000000,136.02086140,1.39002657,3244.83123599,6
1.00000000,1.00000000,1.00000000,141.46286140,1.42794667,3822.61863010,6
1.00000000,1.00000000,1.00000000,142.01686140,1.47872341,4026.33835559,6
1.00000000,1.00000000,1.00000000,130.21486140,1.31778667,2707.99532740,6
1.00000000,1.00000000,1.00000000,141.66186140,1.54849889,4162.40206726,6
1.00000000,1.00000000,1.00000000,133.69686140,1.49082372,3368.27709314,6
1.00000000,1.00000000,1.00000000,134.11086140,1.38792057,3158.13162882,6
1.00000000,1.00000000,1.00000000,137.22086140,1.50904525,3737.86499584,6
1.00000000,1.00000000,1.00000000,143.02686140,1.61388531,4249.88579260,6
1.00000000,1.00000000,1.00000000,135.64886140,1.46206249,3736.66291173,6
1.00000000,1.00000000,1.00000000,157.68086140,1.58961946,5287.67761181,6
1.00000000,1.00000000,1.00000000,133.92086140,1.56462053,3808.02131663,6
1.00000000,1.00000000,1.00000000,141.34686140,1.40100191,3372.37219392,6
1.00000000,1.00000000,1.00000000,144.80486140,1.53627337,4127.36785739,6
1.00000000,1.00000000,1.00000000,162.79086140,1.70551713,5963.33720493,6
1.00000000,1.00000000,1.00000000,134.96286140,1.37740821,3387.86616585,6
1.00000000,1.00000000,1.00000000,143.33286140,1.55628436,4119.68680294,6
1.00000000,1.00000000,1.00000000,149.24486140,1.56576040,4420.08112250,6
1.00000000,1.00000000,1.00000000,161.20286140,1.66942096,5656.88277755,6
1.00000000,2.00000000,2.00000000,149.89086140,1.65976986,4528.57886190,6
1.00000000,1.00000000,1.00000000,154.88486140,1.45157654,4985.37701844,6
1.00000000,1.00000000,1.00000000,128.18086140,1.30308544,2349.58260413,6
1.00000000,1.00000000,1.00000000,138.26186140,1.46997902,3464.45337998,6
1.00000000,1.00000000,1.00000000,136.79086140,1.38433641,3384.28945986,6
1.00000000,1.00000000,1.00000000,129.62886140,1.37332605,2862.95569946,6
1.00000000,1.00000000,1.00000000,148.45086140,1.62392874,4380.41853474,6
1.00000000,1.00000000,1.00000000,139.27086140,1.62295516,3932.18512815,6
1.00000000,1.00000000,1.00000000,135.73286140,1.33958120,3411.37017350,6
1.00000000,1.00000000,1.00000000,132.46486140,1.34315235,3124.95640771,6
1.00000000,1.00000000,1.00000000,133.38286140,1.53482146,3755.54953190,6
1.00000000,1.00000000,1.00000000,135.16886140,1.54385606,3889.05858665,6
1.00000000,1.00000000,1.00000000,156.95286140,1.68554271,5663.02416935,6
1.00000000,1.00000000,1.00000000,133.82086140,1.40007623,3309.14741841,6
1.00000000,1.00000000,1.00000000,140.26486140,1.51071276,4096.72040869,6
1.00000000,1.00000000,1.00000000,150.42886140,1.51073307,4752.26734605,6
1.00000000,1.00000000,1.00000000,138.36086140,1.35315224,3787.67129162,6
1.00000000,1.00000000,1.00000000,132.99486140,1.39818192,3345.73263378,6
1.00000000,2.00000000,1.00000000,139.85086140,1.45815830,3524.81650366,6
1.00000000,1.00000000,1.00000000,164.38886140,1.72583335,5683.97928376,6
1.00000000,1.00000000,1.00000000,136.29486140,1.45423959,3827.67298269,6
1.00000000,1.00000000,1.00000000,138.89886140,1.39582395,3744.70528068,6
1.00000000,1.00000000,1.00000000,137.02286140,1.34655623,3593.77474835,6
1.00000000,1.00000000,1.00000000,131.29886140,1.42246366,3277.27553557,6
1.00000000,1.00000000,1.00000000,150.20486140,1.64188200,4521.84676063,6
1.00000000,1.00000000,1.00000000,146.62486140,1.57806292,4312.65268701,6
1.00000000,1.00000000,1.00000000,133.92086140,1.56462053,3808.02131663,6
1.00000000,1.00000000,1.00000000,136.29486140,1.45423959,3827.67298269,6
1.00000000,1.00000000,1.00000000,142.99286140,1.44062648,4567.22010516,6
1.00000000,1.00000000,1.00000000,134.59886140,1.52122142,3870.75302081,6
1.00000000,1.00000000,1.00000000,138.55886140,1.48264430,3905.88349701,6
1.00000000,1.00000000,1.00000000,132.96086140,1.41968233,3583.98301349,6
1.00000000,1.00000000,1.00000000,136.09686140,1.43880912,3489.15283369,6
1.00000000,1.00000000,1.00000000,133.20086140,1.46483651,3366.47637640,6
1.00000000,1.00000000,1.00000000,140.40386140,1.63060254,3943.38056624,6
1.00000000,1.00000000,1.00000000,131.50486140,1.51447201,3631.00454090,6
1.00000000,1.00000000,1.00000000,130.67886140,1.33456011,2708.41953597,6
1.00000000,1.00000000,1.00000000,137.34486140,1.54729711,4140.00907111,6
1.00000000,1.00000000,1.00000000,146.10286140,1.51713982,4197.46796051,6
1.00000000,1.00000000,1.00000000,149.53486140,1.51428165,4363.93137513,6
1.00000000,1.00000000,1.00000000,131.00086140,1.50242061,3353.84773563,6
1.00000000,1.00000000,1.00000000,133.68886140,1.41633887,3347.27831970,6
1.00000000,1.00000000,1.00000000,160.14486140,1.52548619,5962.29315444,6
1.00000000,1.00000000,1.00000000,141.97486140,1.46831777,3893.03885890,6
1.00000000,1.00000000,1.00000000,133.35886140,1.37003378,3378.03488451,6
1.00000000,1.00000000,1.00000000,134.92086140,1.55901769,3429.91743911,6
1.00000000,1.00000000,1.00000000,140.49486140,1.44622392,3752.24638582,6
1.00000000,1.00000000,1.00000000,138.90686140,1.38108633,3649.43149165,6
1.00000000,1.00000000,1.00000000,130.94286140,1.51432263,3510.70187832,6
1.00000000,1.00000000,1.00000000,138.78286140,1.45600128,3590.40935171,6
1.00000000,1.00000000,1.00000000,143.29886140,1.43278582,4600.99164877,6
1.00000000,1.00000000,1.00000000,140.32886140,1.51917282,3909.11412491,6
1.00000000,1.00000000,1.00000000,136.69086140,1.46901063,3634.57564199,6
1.00000000,1.00000000,1.00000000,131.59686140,1.33868202,3078.47781712,6
1.00000000,1.00000000,1.00000000,134.15286140,1.50653883,3872.73354596,6
0.00000000,2.00000000,0.00000000,138.78486140,1.62563547,4338.71658668,7
0.00000000,2.00000000,0.00000000,144.39886140,1.68559181,5173.81150776,7
0.00000000,2.00000000,0.00000000,182.97886140,1.85176333,8128.64682645,7
0.00000000,2.00000000,0.00000000,158.01886140,1.69453658,6276.70135541,7
0.00000000,2.00000000,0.00000000,153.70286140,1.75410835,5498.00163611,7
0.00000000,2.00000000,0.00000000,175.70086140,1.89375448,7733.44326697,7
0.00000000,2.00000000,0.00000000,142.74486140,1.59047386,4396.19384238,7
0.00000000,2.00000000,0.00000000,171.08686140,1.88290775,7781.40453257,7
0.00000000,2.00000000,0.00000000,152.74286140,1.69396273,5537.45145020,7
0.00000000,3.00000000,1.00000000,162.71686140,1.74365681,5910.43816619,7
0.00000000,2.00000000,0.00000000,168.28286140,1.78409644,6781.21229521,7
0.00000000,2.00000000,0.00000000,155.78686140,1.65278434,5409.07089720,7
0.00000000,2.00000000,0.00000000,160.18686140,1.68993087,5803.08375367,7
0.00000000,2.00000000,0.00000000,154.31486140,1.79368086,6255.51427574,7
0.00000000,2.00000000,0.00000000,164.38686140,1.86538265,6616.86485892,7
0.00000000,2.00000000,0.00000000,156.41486140,1.87295175,6110.75378098,7
0.00000000,2.00000000,0.00000000,146.73086140,1.67044565,5143.93466753,7
0.00000000,3.00000000,1.00000000,151.19686140,1.76797594,5503.03985958,7
0.00000000,2.00000000,0.00000000,165.31486140,1.87288504,6989.19393173,7
0.00000000,2.00000000,0.00000000,172.81486140,1.83864757,7520.91509495,7
0.00000000,2.00000000,0.00000000,151.94886140,1.70369035,5481.27990880,7
0.00000000,2.00000000,0.00000000,148.64086140,1.63712320,4923.79639693,7
0.00000000,2.00000000,0.00000000,148.45886140,1.70829928,5631.35960126,7
0.00000000,3.00000000,1.00000000,154.10086140,1.76009138,5673.02091507,7
0.00000000,2.00000000,0.00000000,149.07086140,1.69158409,5162.24148227,7
0.00000000,2.00000000,0.00000000,170.87086140,1.89500751,7771.97990543,7
0.00000000,2.00000000,0.00000000,150.24486140,1.83238954,5601.36833086,7
0.00000000,2.00000000,0.00000000,162.89886140,1.84999492,6739.80739253,7
0.00000000,2.00000000,0.00000000,155.67086140,1.67909143,5771.40375449,7
0.00000000,2.00000000,0.00000000,167.19086140,1.78902002,7505.71797375,7
0.00000000,3.00000000,1.00000000,151.38686140,1.75518298,5791.83975212,7
0.00000000,2.00000000,0.00000000,154.26486140,1.70036216,5804.51368518,7
0.00000000,3.00000000,1.00000000,169.25886140,1.76962316,7795.44036657,7
0.00000000,2.00000000,0.00000000,147.47486140,1.66540847,5107.88151331,7
0.00000000,2.00000000,0.00000000,147.63286140,1.62108631,5048.21581803,7
0.00000000,3.00000000,1.00000000,173.67486140,1.81579301,7754.12940196,7
0.00000000,2.00000000,0.00000000,143.15686140,1.64047994,4602.78002022,7
0.00000000,2.00000000,0.00000000,163.96486140,1.92223541,6905.20973079,7
0.00000000,3.00000000,1.00000000,161.55086140,1.81135048,7658.60856714,7
0.00000000,2.00000000,0.00000000,168.64686140,1.78167533,6602.76656734,7
0.00000000,2.00000000,0.00000000,142.09086140,1.63911952,4859.75767075,7
0.00000000,2.00000000,0.00000000,165.98286140,1.77865492,6568.86108164,7
0.00000000,2.00000000,0.00000000,148.27686140,1.83252366,5463.70324565,7
0.00000000,2.00000000,0.00000000,149.68286140,1.64235265,5062.76565784,7
0.00000000,2.00000000,0.00000000,164.32086140,1.82802565,7234.66522322,7
0.00000000,2.00000000,0.00000000,150.03886140,1.66655239,5114.15176851,7
0.00000000,2.00000000,0.00000000,136.21286140,1.56608359,3804.18077618,7
0.00000000,2.00000000,0.00000000,139.51086140,1.62298470,4802.08117139,7
0.00000000,3.00000000,1.00000000,149.35286140,1.74641367,5238.07418614,7
0.00000000,2.00000000,0.00000000,181.21686140,1.96908165,8213.62670226,7
0.00000000,2.00000000,0.00000000,154.01686140,1.64805209,5139.93730818,7
0.00000000,2.00000000,0.00000000,150.34486140,1.67646183,5191.93908855,7
0.00000000,2.00000000,0.00000000,152.18086140,1.87359386,6067.46984586,7
0.00000000,2.00000000,0.00000000,150.55886140,1.76812711,5307.03396266,7
0.00000000,2.00000000,0.00000000,141.90886140,1.63021891,4761.69675551,7
0.00000000,2.00000000,0.00000000,152.12286140,1.60598117,5428.16787263,7
0.00000000,2.00000000,0.00000000,145.92886140,1.56488784,4618.57560839,7
0.00000000,2.00000000,0.00000000,170.29286140,1.92772780,7822.51754013,7
0.00000000,2.00000000,0.00000000,153.84286140,1.81775350,5702.68275949,7
0.00000000,2.00000000,0.00000000,156.21686140,1.80661035,5682.88196043,7
0.00000000,2.00000000,0.00000000,173.45086140,2.02994122,8111.68689276,7
0.00000000,2.00000000,0.00000000,145.44886140,1.65450406,5280.83295423,7
0.00000000,2.00000000,0.00000000,155.81086140,1.76521233,5783.67131227,7
0.00000000,2.00000000,0.00000000,151.60086140,1.77728655,5366.17405215,7
0.00000000,2.00000000,0.00000000,149.73286140,1.62217366,4621.76782471,7
0.00000000,2.00000000,0.00000000,165.81886140,1.74934705,7206.80015446,7
0.00000000,2.00000000,0.00000000,151.69286140,1.73973269,5907.46622328,7
0.00000000,2.00000000,0.00000000,149.52086140,1.89772546,7289.73660448,7
0.00000000,2.00000000,0.00000000,145.16686140,1.69455680,5025.35710550,7
0.00000000,2.00000000,0.00000000,157.45686140,1.78530053,6707.97601861,7
0.00000000,2.00000000,0.00000000,157.78686140,1.77476389,5487.84608059,7
0.00000000,2.00000000,0.00000000,145.07686140,1.56140243,4603.18227782,7
0.00000000,2.00000000,0.00000000,152.74286140,1.62625047,5287.99594588,7
0.00000000,2.00000000,0.00000000,151.68486140,1.63133475,5022.42993875,7
0.00000000,2.00000000,0.00000000,154.74486140,1.81728649,6011.44364421,7
0.00000000,2.00000000,0.00000000,151.07286140,1.71153458,5379.30824137,7
0.00000000,2.00000000,0.00000000,171.49086140,1.96516824,7399.49732324,7
0.00000000,2.00000000,0.00000000,148.99686140,1.47865381,4450.29272272,7
0.00000000,2.00000000,0.00000000,161.18686140,1.87995206,6490.32295930,7
0.00000000,2.00000000,0.00000000,151.20486140,1.63450881,5107.93270985,7
0.00000000,2.00000000,0.00000000,158.73886140,1.73777798,6341.38431625,7
0.00000000,2.00000000,0.00000000,144.53886140,1.64817752,4699.55363577,7
0.00000000,2.00000000,0.00000000,153.87686140,1.63949229,5399.07769898,7
0.00000000,2.00000000,0.00000000,152.37086140,1.64469980,5102.27993552,7
0.00000000,2.00000000,0.00000000,175.89086140,1.96439131,7440.40255099,7
0.00000000,2.00000000,0.00000000,160.79886140,1.73313643,6475.96817217,7
0.00000000,2.00000000,0.00000000,167.67086140,1.79029646,6451.14900954,7
0.00000000,2.00000000,0.00000000,169.25886140,1.93480783,7679.00123093,7
0.00000000,2.00000000,0.00000000,151.70086140,1.72422032,5305.91768560,7
0.00000000,2.00000000,0.00000000,156.22486140,1.72460097,5599.42970638,7
0.00000000,2.00000000,0.00000000,164.69286140,1.79086278,7149.21699230,7
0.00000000,2.00000000,0.00000000,171.35886140,1.79652123,7385.29799887,7
0.00000000,2.00000000,0.00000000,144.65486140,1.65220215,5119.47723122,7
0.00000000,3.00000000,1.00000000,163.62686140,1.80769797,7304.59473814,7
0.00000000,2.00000000,0.00000000,150.96486140,1.71169198,5378.15310402,7
0.00000000,2.00000000,0.00000000,154.81886140,1.68725815,5429.36520797,7
0.00000000,2.00000000,0.00000000,153.95086140,1.81584668,5858.31368262,7
0.00000000,2.00000000,0.00000000,156.41486140,1.85630296,5837.60299833,7
0.00000000,2.00000000,0.00000000,165.05686140,1.81516331,7636.31545129,7
0.00000000,3.00000000,1.00000000,148.87286140,1.63718462,5111.11826856,7
2.00000000,0.00000000,2.00000000,134.56486140,1.26323125,1841.43406159,8
1.00000000,1.00000000,1.00000000,122.97886140,1.14313026,1721.75829120,8
2.00000000,0.00000000,2.00000000,137.93886140,1.25261627,2444.59832716,8
2.00000000,0.00000000,2.00000000,137.42686140,1.33919768,2618.79392265,8
2.00000000,0.00000000,2.00000000,141.06486140,1.35068492,2055.06725028,8
2.00000000,0.00000000,2.00000000,136.73286140,1.28643582,2217.58209484,8
2.00000000,0.00000000,2.00000000,126.64286140,1.26864230,2121.95896282,8
2.00000000,0.00000000,2.00000000,135.52486140,1.25838400,1997.32991094,8
2.00000000,0.00000000,2.00000000,126.06386140,1.27990290,1997.84021217,8
2.00000000,0.00000000,2.00000000,121.42486140,1.23843143,1917.77165915,8
2.00000000,0.00000000,2.00000000,131.89286140,1.28069329,1846.36340664,8
2.00000000,0.00000000,2.00000000,135.29286140,1.26586680,1992.68770232,8
1.00000000,1.00000000,1.00000000,134.32486140,1.28540972,2131.00323717,8
2.00000000,0.00000000,2.00000000,130.57886140,1.22310658,1619.73095073,8
2.00000000,0.00000000,2.00000000,128.97386140,1.33927138,1957.84935221,8
2.00000000,0.00000000,2.00000000,134.53986140,1.24185991,2050.49621914,8
1.00000000,1.00000000,1.00000000,190.94286140,1.97740916,8075.11609646,8
2.00000000,0.00000000,2.00000000,133.55686140,1.26502603,1872.54627652,8
2.00000000,0.00000000,2.00000000,143.96786140,1.43140550,2188.28156225,8
2.00000000,0.00000000,2.00000000,134.25886140,1.30989019,1879.32113089,8
2.00000000,0.00000000,2.00000000,132.21686140,1.36282786,1843.30938368,8
2.00000000,0.00000000,2.00000000,132.19986140,1.26434746,2081.76974584,8
2.00000000,0.00000000,2.00000000,135.59086140,1.26795778,2172.98423133,8
2.00000000,0.00000000,2.00000000,129.52086140,1.20722176,2127.84117027,8
2.00000000,0.00000000,2.00000000,127.37886140,1.27682048,1909.90591661,8
2.00000000,0.00000000,2.00000000,138.21286140,1.33418051,2691.37208846,8
2.00000000,0.00000000,2.00000000,139.13086140,1.33912760,2498.09638003,8
2.00000000,0.00000000,2.00000000,129.43886140,1.28060289,1817.13175867,8
2.00000000,0.00000000,2.00000000,137.31886140,1.27573303,1898.09920975,8
2.00000000,0.00000000,2.00000000,136.89686140,1.38097298,2133.62480656,8
2.00000000,0.00000000,2.00000000,134.80486140,1.25647220,1864.70187093,8
2.00000000,0.00000000,2.00000000,131.37286140,1.22918934,1777.64521977,8
2.00000000,0.00000000,2.00000000,125.53486140,1.27124294,1763.87038367,8
2.00000000,0.00000000,2.00000000,132.95186140,1.35599714,2153.69858155,8
2.00000000,0.00000000,2.00000000,136.70686140,1.29852731,2043.12618877,8
2.00000000,0.00000000,2.00000000,130.88486140,1.36281359,2055.45008602,8
2.00000000,0.00000000,2.00000000,132.07586140,1.34355469,1913.77602427,8
2.00000000,0.00000000,2.00000000,137.15286140,1.38178957,2300.60504637,8
2.00000000,0.00000000,2.00000000,133.87886140,1.26310170,2044.16761580,8
2.00000000,0.00000000,2.00000000,128.33886140,1.33630385,2415.06380234,8
2.00000000,0.00000000,2.00000000,132.82786140,1.36730147,2099.97335539,8
2.00000000,0.00000000,2.00000000,125.39286140,1.22338948,1671.22864523,8
1.00000000,1.00000000,1.00000000,190.53886140,1.87703213,8102.43447635,8
2.00000000,0.00000000,2.00000000,133.20886140,1.34034596,2283.56162025,8
2.00000000,0.00000000,2.00000000,134.86186140,1.25563345,2222.22334356,8
2.00000000,0.00000000,2.00000000,126.65086140,1.30112057,1923.82535347,8
2.00000000,0.00000000,2.00000000,133.08486140,1.32982522,1885.38738276,8
2.00000000,0.00000000,2.00000000,134.36686140,1.30626471,1958.66597124,8
2.00000000,0.00000000,2.00000000,134.35086140,1.33495923,1932.02421939,8
2.00000000,0.00000000,2.00000000,139.70086140,1.31509154,2066.56468888,8
2.00000000,0.00000000,2.00000000,132.88686140,1.29650434,2076.59607864,8
2.00000000,0.00000000,2.00000000,140.55286140,1.31363760,2327.40731923,8
2.00000000,0.00000000,2.00000000,131.67086140,1.37380805,1992.52707290,8
2.00000000,0.00000000,2.00000000,135.58286140,1.35563674,2055.99693076,8
2.00000000,0.00000000,2.00000000,132.72086140,1.26642228,1747.68578079,8
2.00000000,0.00000000,2.00000000,132.94486140,1.30096649,1951.21832727,8
2.00000000,0.00000000,2.00000000,139.04686140,1.39289912,2362.85865913,8
2.00000000,0.00000000,2.00000000,128.92486140,1.32978351,1922.10831967,8
2.00000000,0.00000000,2.00000000,128.37086140,1.32762388,1816.48439431,8
2.00000000,0.00000000,2.00000000,128.77586140,1.32032727,1830.49452992,8
2.00000000,0.00000000,2.00000000,136.95486140,1.29357047,2256.30191630,8
2.00000000,0.00000000,2.00000000,135.86286140,1.34086420,2162.95627742,8
2.00000000,0.00000000,2.00000000,140.56986140,1.40285859,2524.03089128,8
2.00000000,0.00000000,2.00000000,134.22486140,1.40237535,2234.11462261,8
2.00000000,0.00000000,2.00000000,125.60086140,1.22541882,1749.44054597,8
2.00000000,0.00000000,2.00000000,135.28386140,1.40670215,2188.46252681,8
2.00000000,0.00000000,2.00000000,130.89286140,1.33412538,1668.25292013,8
2.00000000,0.00000000,2.00000000,120.12686140,1.40830239,2450.88763473,8
2.00000000,0.00000000,2.00000000,135.09486140,1.35160669,2031.04863098,8
2.00000000,0.00000000,2.00000000,142.47886140,1.44562536,2618.49029280,8
2.00000000,0.00000000,2.00000000,135.51686140,1.32216381,1963.82280593,8
2.00000000,0.00000000,2.00000000,135.91286140,1.27659270,2114.62543984,8
2.00000000,0.00000000,2.00000000,135.77286140,1.32229105,2157.83265102,8
2.00000000,0.00000000,2.00000000,137.05486140,1.36607095,2099.03596361,8
2.00000000,0.00000000,2.00000000,130.72686140,1.23613214,1855.23381105,8
2.00000000,0.00000000,2.00000000,136.10286140,1.27979694,1938.76064555,8
2.00000000,0.00000000,2.00000000,139.01386140,1.42529655,2520.04995582,8
2.00000000,0.00000000,2.00000000,130.43086140,1.26875402,1916.95007959,8
2.00000000,0.00000000,2.00000000,126.98086140,1.28094346,1651.01799303,8
2.00000000,0.00000000,2.00000000,130.96686140,1.32882179,1835.49317686,8
2.00000000,0.00000000,2.00000000,131.33086140,1.35009514,2183.60360813,8
2.00000000,0.00000000,2.00000000,127.25486140,1.28370749,2108.48148330,8
2.00000000,0.00000000,2.00000000,123.93786140,1.23998234,1710.51752046,8
2.00000000,0.00000000,2.00000000,133.25086140,1.35025017,2140.45032081,8
2.00000000,0.00000000,2.00000000,128.78486140,1.20167433,1649.75622385,8
2.00000000,0.00000000,2.00000000,130.19886140,1.23811481,1786.45431665,8
2.00000000,0.00000000,2.00000000,131.87786140,1.36757485,2079.67874973,8
2.00000000,0.00000000,2.00000000,149.78286140,1.43830766,3298.12904366,8
2.00000000,0.00000000,2.00000000,131.14886140,1.34554645,2211.30686332,8
2.00000000,0.00000000,2.00000000,132.42286140,1.28431884,1909.57626195,8
2.00000000,0.00000000,2.00000000,130.57886140,1.30807110,1888.41090497,8
1.00000000,1.00000000,1.00000000,204.34886140,2.03554218,8672.42843814,8
2.00000000,0.00000000,2.00000000,133.12586140,1.34898353,2289.72710237,8
2.00000000,0.00000000,2.00000000,129.59486140,1.34571988,1765.41118987,8
2.00000000,0.00000000,2.00000000,136.10286140,1.32392787,1866.86553226,8
2.00000000,0.00000000,2.00000000,132.00986140,1.33853879,2065.70285147,8
2.00000000,0.00000000,2.00000000,126.85886140,1.40042317,2670.50196768,8
2.00000000,0.00000000,2.00000000,137.93086140,1.40038634,2457.48655277,8
2.00000000,0.00000000,2.00000000,137.63286140,1.44094995,2371.63633655,8
2.00000000,0.00000000,2.00000000,122.52386140,1.20995903,1654.65170731,8
1.00000000,1.00000000,1.00000000,134.63286140,1.50953883,3598.94277931,9
1.00000000,1.00000000,1.00000000,136.93886140,1.45077032,3536.37415995,9
1.00000000,1.00000000,1.00000000,161.78286140,1.62993224,5845.27094085,9
1.00000000,1.00000000,1.00000000,133.49086140,1.47363529,3724.80945247,9
1.00000000,1.00000000,1.00000000,166.54686140,1.84848215,6782.34952123,9
1.00000000,1.00000000,1.00000000,127.23086140,1.41761572,2834.11747214,9
1.00000000,1.00000000,1.00000000,135.26086140,1.49546662,3592.35352929,9
1.00000000,1.00000000,1.00000000,134.37486140,1.41465610,3335.64787759,9
1.00000000,1.00000000,1.00000000,133.86286140,1.42018678,3675.34746902,9
1.00000000,1.00000000,1.00000000,137.61686140,1.41190611,3772.10242500,9
1.00000000,1.00000000,1.00000000,138.81686140,1.51061103,3958.13195425,9
1.00000000,1.00000000,1.00000000,138.65086140,1.45160792,3776.50100700,9
1.00000000,1.00000000,1.00000000,145.48286140,1.59626934,4437.11299763,9
1.00000000,1.00000000,1.00000000,134.11086140,1.38792057,3158.13162882,9
1.00000000,1.00000000,1.00000000,143.33286140,1.55628436,4119.68680294,9
1.00000000,1.00000000,1.00000000,137.37686140,1.47853051,3882.01046533,9
1.00000000,1.00000000,1.00000000,149.53486140,1.51428165,4363.93137513,9
1.00000000,1.00000000,1.00000000,139.18886140,1.36124998,3415.75707748,9
1.00000000,1.00000000,1.00000000,143.29886140,1.43278582,4600.99164877,9
1.00000000,1.00000000,1.00000000,128.46986140,1.40429778,3095.05752730,9
1.00000000,1.00000000,1.00000000,134.92086140,1.55901769,3429.91743911,9
1.00000000,1.00000000,1.00000000,150.87486140,1.70244050,4716.15830577,9
1.00000000,1.00000000,1.00000000,131.77886140,1.42138840,3017.26903742,9
1.00000000,1.00000000,1.00000000,133.82086140,1.40007623,3309.14741841,9
1.00000000,1.00000000,1.00000000,133.68886140,1.41633887,3347.27831970,9
1.00000000,1.00000000,1.00000000,157.68086140,1.58961946,5287.67761181,9
1.00000000,1.00000000,1.00000000,147.85486140,1.42392473,3669.32072214,9
1.00000000,1.00000000,1.00000000,128.77586140,1.36718467,2948.40160065,9
1.00000000,1.00000000,1.00000000,142.58886140,1.61934016,4173.60813214,9
1.00000000,1.00000000,1.00000000,133.81286140,1.43599822,3300.49915797,9
1.00000000,1.00000000,1.00000000,151.74286140,1.60309246,5137.84818962,9
1.00000000,1.00000000,1.00000000,133.62286140,1.33687952,3103.29714343,9
1.00000000,1.00000000,1.00000000,171.51686140,1.62457617,6554.34494560,9
1.00000000,1.00000000,1.00000000,139.09686140,1.45029670,3412.50086163,9
1.00000000,1.00000000,1.00000000,134.43286140,1.36222755,3336.49621124,9
1.00000000,1.00000000,1.00000000,137.98886140,1.41385378,3551.97245726,9
1.00000000,1.00000000,1.00000000,153.56286140,1.64556350,4823.13261738,9
1.00000000,1.00000000,1.00000000,138.08886140,1.46502154,3653.94389523,9
1.00000000,1.00000000,1.00000000,162.28686140,1.57395839,5573.32435337,9
1.00000000,1.00000000,1.00000000,148.69886140,1.58319407,4722.32116447,9
1.00000000,1.00000000,1.00000000,145.88086140,1.63179211,4727.12767387,9
1.00000000,1.00000000,1.00000000,137.75886140,1.43243758,3896.59535858,9
1.00000000,1.00000000,1.00000000,129.53686140,1.28157246,3024.62992784,9
1.00000000,1.00000000,1.00000000,141.81086140,1.49086498,3927.74501603,9
1.00000000,1.00000000,1.00000000,141.48686140,1.40586513,3506.94392807,9
1.00000000,1.00000000,1.00000000,135.02886140,1.41466194,3033.30714023,9
1.00000000,2.00000000,2.00000000,159.59886140,1.60895529,5502.82720887,9
1.00000000,1.00000000,1.00000000,136.25286140,1.45901906,3523.05006057,9
1.00000000,1.00000000,1.00000000,144.80486140,1.53627337,4127.36785739,9
1.00000000,1.00000000,1.00000000,162.79086140,1.70551713,5963.33720493,9
1.00000000,1.00000000,1.00000000,133.12686140,1.33697184,2968.13187325,9
1.00000000,1.00000000,1.00000000,142.99286140,1.44062648,4567.22010516,9
1.00000000,1.00000000,1.00000000,161.20286140,1.66942096,5656.88277755,9
1.00000000,2.00000000,1.00000000,139.85086140,1.45815830,3524.81650366,9
1.00000000,1.00000000,1.00000000,140.21486140,1.38978175,3632.04157742,9
1.00000000,1.00000000,1.00000000,137.03886140,1.37888338,3360.46849403,9
0.00000000,3.00000000,1.00000000,180.34086140,1.97426373,10788.40839740,9
1.00000000,1.00000000,1.00000000,129.33086140,1.29150411,2478.48767402,9
1.00000000,1.00000000,1.00000000,138.84086140,1.47613486,3995.81206803,9
1.00000000,1.00000000,1.00000000,134.97086140,1.42891341,3370.49744682,9
1.00000000,1.00000000,1.00000000,134.79686140,1.34022251,3433.30540507,9
1.00000000,1.00000000,1.00000000,129.82686140,1.35271915,2943.22982148,9
1.00000000,1.00000000,1.00000000,144.99486140,1.58255732,4458.55737099,9
1.00000000,1.00000000,1.00000000,130.89486140,1.48533163,3634.47421939,9
1.00000000,1.00000000,1.00000000,153.08286140,1.54921299,5036.12071079,9
1.00000000,1.00000000,1.00000000,135.77286140,1.43740405,3501.14466772,9
1.00000000,1.00000000,1.00000000,128.18086140,1.30308544,2349.58260413,9
1.00000000,1.00000000,1.00000000,138.27086140,1.49799681,4050.59044813,9
1.00000000,1.00000000,1.00000000,137.60886140,1.43282595,3886.52541399,9
1.00000000,1.00000000,1.00000000,141.52886140,1.53555980,3979.06929035,9
1.00000000,1.00000000,1.00000000,177.47086140,1.76232239,6732.36147467,9
1.00000000,1.00000000,1.00000000,140.49486140,1.44622392,3752.24638582,9
1.00000000,1.00000000,1.00000000,157.77086140,1.50116153,5613.31509850,9
1.00000000,1.00000000,1.00000000,133.35886140,1.37003378,3378.03488451,9
1.00000000,1.00000000,1.00000000,145.66286140,1.51462457,3993.68569875,9
1.00000000,1.00000000,1.00000000,130.38086140,1.48673376,3279.72721077,9
1.00000000,1.00000000,1.00000000,156.95286140,1.68554271,5663.02416935,9
1.00000000,1.00000000,1.00000000,136.88886140,1.41004362,3564.51291623,9
1.00000000,1.00000000,1.00000000,136.79086140,1.38433641,3384.28945986,9
1.00000000,1.00000000,1.00000000,141.98286140,1.50103561,3979.94990023,9
1.00000000,1.00000000,1.00000000,150.42886140,1.51073307,4752.26734605,9
1.00000000,1.00000000,1.00000000,138.26186140,1.46997902,3464.45337998,9
1.00000000,1.00000000,1.00000000,130.21486140,1.31778667,2707.99532740,9
1.00000000,1.00000000,1.00000000,134.67286140,1.34065608,2783.46355729,9
1.00000000,1.00000000,1.00000000,123.23686140,1.40070069,2867.35651487,9
1.00000000,1.00000000,1.00000000,164.80086140,1.58343745,5914.60486408,9
1.00000000,1.00000000,1.00000000,154.88486140,1.45157654,4985.37701844,9
1.00000000,1.00000000,1.00000000,141.46286140,1.42794667,3822.61863010,9
1.00000000,1.00000000,1.00000000,131.59686140,1.33868202,3078.47781712,9
1.00000000,1.00000000,1.00000000,134.14486140,1.46413418,3608.45275311,9
1.00000000,1.00000000,1.00000000,141.34686140,1.40100191,3372.37219392,9
1.00000000,1.00000000,1.00000000,138.46086140,1.41126221,3502.29950982,9
1.00000000,1.00000000,1.00000000,133.92086140,1.56462053,3808.02131663,9
1.00000000,1.00000000,1.00000000,146.35086140,1.56377391,4257.20242481,9
1.00000000,1.00000000,1.00000000,136.98886140,1.41295889,3650.41682253,9
1.00000000,1.00000000,1.00000000,142.01686140,1.47872341,4026.33835559,9
1.00000000,1.00000000,1.00000000,155.00886140,1.65391432,5159.22849324,9
1.00000000,1.00000000,1.00000000,140.26486140,1.51071276,4096.72040869,9
1.00000000,1.00000000,1.00000000,132.52286140,1.48941457,3423.61798064,9
1.00000000,1.00000000,1.00000000,133.92086140,1.56462053,3808.02131663,9
